{"cameraMode":{"drawMode":0,"name":"Shaded","section":"Shading Mode"},"sceneLighting":true,"audioPlay":false,"sceneViewState":{"m_AlwaysRefresh":false,"showFog":true,"showSkybox":true,"showFlares":true,"showImageEffects":true,"showParticleSystems":true,"showVisualEffectGraphs":true,"m_FxEnabled":true},"in2DMode":false,"pivot":{"x":34.50063705444336,"y":0.45151519775390627,"z":26.518770217895509},"rotation":{"x":-0.6894850730895996,"y":-0.008264063857495785,"z":0.00785862747579813,"w":-0.7242541909217835},"size":25.521982192993165,"orthographic":false}